{
    "merhaba": ["merhaba", "selam", "hoş geldin"],
    "nasılsın": ["iyiyim, teşekkür ederim", "harikayım ya sen", "eh işte"],
    "saat kaç": ["şu anda saatin kaç olduğunu bilmiyorum", "saatini sen kontrol etmelisin", "bunu öğrenmek için saati kontrol etmelisin"],
    "ne yapıyorsun": ["seni dinliyorum", "ne saçma bir soru"],
    "sen kimsin": ["Ben tolganın ödevi için hazırlanmış tcp socket ile çalışan verileri json dosyasından çeken bir chatbotum"],
    "nerelisin": ["ben bir botum ana kartında yaşıyorum"],
    "teşekkürler": ["rica ederim", "ne demek"]
}
